<?xml version="1.0" encoding="UTF-8" standalone="yes"?>
<addon id="repository.example" name="Moj Kodi" version="1.0" provider-name="blazic016">
    <extension point="xbmc.addon.repository" name="Example Repository">
        <dir>
            <info compressed="false">https://raw.githubusercontent.com/blazic016/mykodi/master/repo/zips/addons.xml</info>
            <checksum>https://raw.githubusercontent.com/blazic016/mykodi/master/repo/zips/addons.xml.md5</checksum>
            <datadir zip="true">https://raw.githubusercontent.com/blazic016/mykodi/master/repo/zips/</datadir>
        </dir>
    </extension>
    <extension point="xbmc.addon.metadata">
        <summary>Testiranje</summary>
        <description>Samo za testiranje</description>
        <disclaimer></disclaimer>
        <platform>all</platform>
        <assets>
            <icon>icon.png</icon>
            <fanart>fanart.jpg</fanart>
        </assets>
    </extension>
</addon>